image_id,number_of_fixations,view_time_total_sum,fixation_duration_mean_weighted,fixation_duration_median_approx,scanpath_length_mean,BCEA_68_mean,BCEA_95_mean,primary_label_top,pupil_size_norm_n,pupil_size_norm_mean,pupil_size_norm_std,pupil_size_norm_abs_mean,pupil_size_norm_rms,avg_pupil_size_n,avg_pupil_size_mean,avg_pupil_size_std,fix_dur_mean_first_third,fix_dur_mean_last_third,n_fix_first_third,n_fix_last_third
001,1159,425375.042,284.32901999567684,232.3629999999993,3688.463661048069,72008.69006600388,189496.55280527336,meme,23.632653061224488,2.1014754117252155e-16,1.0,0.7954414285574033,0.9704327757501576,23.653061224489797,3.7221848332487015,0.17161804728628596,274.5909499465251,311.45011037619787,406,378
002,1284,452560.267,274.5776793337439,232.92699999999968,2665.5615729867427,60359.429234805764,158840.60324948886,meme,26.20408163265306,-2.3777671402927825e-16,1.0,0.7817759039291322,0.9761933345737507,26.20408163265306,3.705521871551111,0.14608177693947572,270.5700464437224,286.0480762748689,440,434
003,1110,411435.771,296.86351035330046,245.25175000000013,3022.8340806008005,40009.274302045065,105287.56395275016,meme,23.104166666666668,2.7723667537131653e-16,1.0,0.7969864485130099,0.9741789989969446,23.125,3.8388599534757604,0.1818867650306302,261.32323741287047,375.53569729274864,415,350
004,1354,469790.081,280.16254607070385,216.58799999999928,3536.8907755536648,87693.36249704676,230772.00657117568,meme,27.632653061224488,-7.328157196819734e-17,1.0,0.7917068105733691,0.9767376603887895,27.632653061224488,3.761113686886999,0.16421446385539346,269.5140036086246,306.05353139999926,477,445
005,1359,460515.114,265.49676162754133,216.4310000000005,3734.5270531332444,90696.08108480132,238673.89759158244,meme,27.73469387755102,-4.1744513715279226e-17,1.0,0.7759727416529927,0.9754432933410101,27.73469387755102,4.008237810101496,0.20366766961070817,255.63179686138403,281.616678649242,480,435
006,1209,414304.85,260.88167346715306,232.86000000000013,3376.023058471772,106973.13090757253,281508.239230454,meme,24.653061224489797,1.145180080041846e-16,1.0,0.7744130169135444,0.9767795261457551,24.6734693877551,3.498989516265749,0.18459394260063236,250.95830560141908,287.1645633698477,440,375
007,1224,429382.963,278.4084822238025,216.7275,3953.095335977309,79180.77001716854,208370.44741360145,meme,24.979591836734695,5.300824386413807e-16,1.0,0.7557679072382884,0.968492475144548,24.979591836734695,3.6362990770534336,0.17274507636327396,262.91194412125435,292.2215392984173,436,394
008,1108,433119.649,318.7515675660009,232.58825000000036,2988.267205553702,97520.44743923504,256632.7564190396,meme,23.083333333333332,7.728491001997364e-16,1.0,0.7893657835731728,0.9744613501502931,23.083333333333332,4.016470616456641,0.19646070952287686,313.981582958072,358.66054708899316,378,362
009,1417,461028.574,262.61013810004323,232.7150000000001,3678.8422861209056,111612.60023286384,293717.36903385224,meme,28.897959183673468,-5.0388673198218805e-17,1.0,0.7885456594130434,0.9799492765127571,28.918367346938776,4.057199397265798,0.17551071825053455,244.31350884958587,273.93028813405925,512,449
010,1469,510861.931,288.14049174595584,241.23400000000004,2811.817559718667,55985.49608290401,147330.2528497474,meme,29.979591836734695,-1.8639757913566073e-16,1.0,0.7970368746006856,0.9752561969877472,29.979591836734695,3.705961013570656,0.16626719370467724,275.804482339066,289.6341733906283,530,474
011,1335,423063.333,240.78386140416723,216.0909999999999,2640.653241253531,49474.518519587065,130196.10136733438,ort,27.244897959183675,2.1891164594814071e-16,1.0,0.7593808410431033,0.9766252640547569,27.244897959183675,3.4037367469873607,0.1768810569288256,211.5241112037889,263.3583784363512,500,426
012,2157,596537.193,217.27128752839386,199.79800000000017,4368.620764906081,78305.23179231497,206066.39945346044,ort,44.916666666666664,4.920719901575318e-17,1.0,0.7597251260322467,0.9881602066100801,44.9375,3.550031073079324,0.1487683836723554,217.58480321336026,224.8361185414174,730,703
013,1334,410592.421,229.32713502278392,207.7795000000001,2506.096953070871,63951.50982061782,168293.4468963627,ort,27.224489795918366,-5.499405284964204e-16,1.0,0.7616701475417864,0.9724680957444246,27.224489795918366,3.3038483648950128,0.18829450093898642,223.8928116449227,255.1484923209776,476,428
014,1279,428833.441,252.76992542069132,232.74000000000024,3018.6499015773315,76549.30713509263,201445.54509234903,ort,26.102040816326532,-6.872978610540389e-16,1.0,0.7836889586216239,0.9714385249946881,26.102040816326532,3.729443776612648,0.18273859737377676,244.739580321232,270.5795348733973,453,407
015,1402,499967.889,299.3809259783942,249.60099999999989,2204.9153121297563,37036.71848786864,97465.0486522859,ort,29.208333333333332,-5.554450463372952e-16,1.0,0.771950519383672,0.9803685759298754,29.208333333333332,3.542070651427686,0.14558884602055552,307.46384177580825,281.93802968091285,472,473
016,1341,414617.011,229.38130561410657,199.67600000000016,2458.1237963535577,43103.40204748704,113430.0053881238,ort,27.346938775510203,6.388270259999316e-17,1.0,0.7917206094922292,0.9776841143673528,27.367346938775512,3.9171692485130065,0.1700393036773391,201.11775192850504,274.66216764392,510,397
017,1408,417330.767,220.0498972643603,199.674,3050.030325357331,55413.3516234657,145824.60953543606,ort,28.73469387755102,-2.449598013569341e-16,1.0,0.7905057611524161,0.9788064942443834,28.73469387755102,3.850999450344755,0.16362011245600847,200.68839422131143,253.73696302751543,522,420
018,1194,440635.608,308.7526813154507,241.58299999999986,2864.230394464547,71781.278957599,188898.10251999742,ort,24.875,5.368749444531467e-17,1.0,0.7443400652609724,0.975067821019081,24.875,3.3614317399096905,0.21076601902898795,264.0031880709789,391.6989051494372,436,365
019,1207,434756.41000000003,298.5264005524631,249.5892499999996,3018.1593835557574,88948.32835877448,234074.5483125644,ort,25.145833333333332,8.148723739758098e-17,1.0,0.7702803707724918,0.9751900358088962,25.145833333333332,3.5667792721716087,0.18226210973195908,261.6877060301845,370.7971067521112,449,375
020,1330,455951.646,285.3063520229628,241.33899999999977,2829.858502789591,66349.4803533129,174603.89566661292,ort,27.122448979591837,-2.6934276465596376e-16,1.0,0.7861576210183366,0.9793464082233689,27.142857142857142,3.7687634410601527,0.22360581451230288,256.2681207190889,343.61893956321455,486,432
021,1383,443915.956,255.77220870279436,216.67100000000005,3485.84222735702,83909.01625388245,220813.20066811176,ort,29.425531914893618,3.5946165317490435e-16,1.0,0.7792514560659263,0.978418525485816,29.425531914893618,3.482277162249151,0.17801235817369834,251.3291107618237,282.62999329171976,493,456
022,1233,432554.836,280.8813688720813,237.5872499999998,2700.182951643718,68905.48009708503,181330.21078180274,ort,25.6875,-5.796013828498359e-18,1.0,0.7638307706778477,0.9717921370793111,25.6875,3.467913973625036,0.17910439008746504,258.2224863495118,328.45151668626517,445,392
023,944,388293.139,339.1122122042521,249.59900000000016,1933.3005264132582,42500.15179084904,111842.50471276064,ort,19.666666666666668,1.773104007319092e-16,1.0,0.7874419900600168,0.9693971341843731,19.666666666666668,3.519518941303502,0.19623130520542006,318.0556236861518,483.4435793557138,352,290
024,1293,468276.19,288.24763922798354,249.57900000000063,2819.592401687997,71898.59764245295,189206.83590119198,ort,26.387755102040817,3.9822013956888363e-16,1.0,0.7968685757568613,0.9744821732951158,26.387755102040817,3.6175119889959437,0.1808805041212813,273.56679371683236,342.8191406840791,453,420
025,1408,494334.711,285.3206855350296,233.1097500000003,3294.075974889767,105082.11145041442,276531.87223793275,ort,29.333333333333332,-6.379562848869933e-16,1.0,0.7936275122184785,0.9805032797823162,29.333333333333332,3.6675696762900336,0.15688646343045023,283.23118256971446,291.48574813036055,483,458
026,1345,461588.634,272.4013187173174,249.5769999999993,2750.9934035079614,83337.48474124569,219309.1703716992,ort,27.408163265306122,-1.4145391479746188e-18,1.0,0.7793397199727755,0.9794360553987719,27.448979591836736,3.3783180281948018,0.18736112348511666,256.3566374254587,311.12851729945584,479,433
027,1000,392139.679,316.8866200160807,249.85675000000003,2571.8312496360227,65153.58765552549,171456.80961980394,ort,20.833333333333332,-4.4314410939406626e-16,1.0,0.7848402651161962,0.9689898814267816,20.833333333333332,3.692347441810014,0.20875967761102918,315.1172425054113,376.23479555097674,357,314
028,1228,445266.663,302.70192880992875,249.57849999999985,2823.9966231877215,76426.19205012503,201121.55802664484,ort,25.040816326530614,2.768895217690339e-16,1.0,0.7868616762717614,0.9725041079404769,25.06122448979592,3.495501353064659,0.19254982961116485,279.72483475356177,360.0076329675601,441,403
029,1196,414909.426,288.36405828023317,233.36999999999995,2785.0449338239264,79366.61717009761,208859.51886867793,ort,24.916666666666668,4.2193567291842514e-16,1.0,0.7890602721486856,0.9712028404901266,24.916666666666668,3.7711584227854225,0.18553841945402574,284.5320968710432,346.05522814656075,430,379
030,1080,398771.688,296.0913298884217,237.2005,2698.3720331648688,71776.31932235336,188885.0508482983,ort,22.479166666666668,-5.324101464383581e-17,1.0,0.7964213338282471,0.9679392199532443,22.5,3.717388907890147,0.22051182381658138,268.622885517297,377.2678597832841,381,357
031,1278,447134.397,301.85296039399844,249.5960000000005,2130.4097039544918,45534.325655508386,119827.17277765366,ort,26.081632653061224,9.163092863162397e-16,1.0,0.8065558541338977,0.9727413271951243,26.081632653061224,3.633410336812305,0.17921620830185198,282.8485243519019,377.3755835641433,453,409
032,1202,420382.26399999997,290.08281183784595,233.1827500000004,2929.787084928959,76737.92922986658,201941.91902596471,ort,25.020833333333332,-4.359862626459991e-16,1.0,0.7784786714693268,0.9760292065303412,25.041666666666668,3.68372133769215,0.2371951163908491,264.14357929571327,405.732354744192,427,387
033,1837,512075.298,211.80733082491852,191.297,4213.706551531485,93060.3183892388,244895.5747085232,person,39.08510638297872,-4.565436872193193e-16,1.0,0.7876386833790627,0.9857854809543231,39.08510638297872,3.5457066429891033,0.1477722383648562,197.85593257921587,237.12939462742892,660,563
034,1453,514436.396,305.81942954938523,241.57749999999967,2856.2076967177177,83469.7183294129,219657.153498455,person,29.653061224489797,7.835937249985986e-16,1.0,0.8104926624186125,0.9804990931795393,29.653061224489797,3.7071589534555343,0.18333717961347676,325.3691927492859,297.6385647363479,477,510
035,1269,464871.987,300.47725624893206,237.14175000000006,2684.3024857393234,63752.672760209265,167770.19147423492,person,26.4375,1.7209130128419245e-16,1.0,0.7923503566772657,0.9779565460053048,26.4375,3.781336197171641,0.1546736153889978,308.98348121154953,293.26506958065085,426,428
036,1193,437537.181,295.2596169177744,249.5999999999999,2895.306488373496,85469.88739317955,224920.75629784097,person,24.346938775510203,4.567830514275659e-17,1.0,0.7804578112456628,0.9760793724257462,24.346938775510203,3.5432082684866764,0.172814004687204,283.89672478246484,374.1725876565494,422,374
037,1328,467160.207,289.65581742762527,233.55949999999984,2360.285358807878,51116.02871352182,134515.86503558376,person,27.081632653061224,1.6722423596885484e-16,1.0,0.7589380247960561,0.9747156534542013,27.102040816326532,3.469709750522524,0.17748574666519626,276.8192441026107,312.41253568268945,482,431
038,1213,426992.38899999997,290.84596856193116,233.59800000000018,2676.5736091723875,61566.75706219205,162017.78174261068,person,25.270833333333332,-7.379835365992728e-18,1.0,0.7973122842017877,0.9716257188377379,25.270833333333332,3.5754805987163767,0.23630442960307652,264.9966307284644,341.47375319001026,432,391
039,1336,471325.511,279.5338578472138,232.918,3590.9285872690534,116331.41945415367,306135.314353036,person,27.26530612244898,2.4999544578485368e-17,1.0,0.7898831380233923,0.9778655587879566,27.26530612244898,3.5175697962770602,0.18913585148499695,265.32991116841845,308.7339811960715,478,428
040,1216,416189.879,270.4131502324014,232.99399999999991,3364.751805196346,91163.92270919483,239905.05976103904,person,25.872340425531913,1.8709172051077108e-16,1.0,0.8045183898769038,0.9747608250312513,25.872340425531913,3.820057056605216,0.19215892882926197,242.38274291089422,313.71367312215665,456,375
041,1295,460386.924,289.3936844950295,233.60500000000047,2918.6126036471564,86693.62848522607,228141.1275927002,person,26.428571428571427,-4.820629073207726e-16,1.0,0.7922989170714682,0.9730135284010091,26.428571428571427,3.7439089631957265,0.17500152574975233,292.2786017445373,312.0515197171176,449,425
042,989,384267.786,308.7501263137171,241.35,2735.920107027422,61593.69654934631,162088.6751298587,person,21.04255319148936,2.7437434845103223e-16,1.0,0.7822067533919481,0.9722832723955731,21.04255319148936,4.03473227249885,0.18175476825883388,267.0635868915954,381.5119831683682,379,292
043,1219,443920.541,285.4735094656236,224.68949999999995,3307.3976703915746,135765.39019914894,357277.3426293394,person,25.395833333333332,1.7491143561096358e-16,1.0,0.7983935906872762,0.9726729011173485,25.395833333333332,3.9979732291927164,0.2117788074990999,271.103080637731,284.4169757680763,425,421
044,1221,436355.094,295.50671265508873,232.82149999999984,2805.918426454421,65368.97724166894,172023.62432018144,person,25.97872340425532,-3.797890275878695e-16,1.0,0.8055754250454973,0.973869882329588,25.97872340425532,3.734012945061939,0.1733369978203282,274.21592359292595,333.8775018690234,448,376
045,1324,456425.671,275.3187304078929,233.2969999999996,3665.605800511232,113799.93806062578,299473.5212121731,person,28.170212765957448,1.0658679705618464e-16,1.0,0.7889776156221285,0.9782136172789136,28.170212765957448,3.6560342123311154,0.17974730564126432,256.95935869022924,305.3820722196487,483,410
046,1144,421199.201,315.7914674212252,249.5775,2331.3928292510145,46090.83549785861,121291.6723627858,person,23.8125,-4.066946499728371e-16,1.0,0.7808134773617054,0.9748961830732779,23.833333333333332,3.9022425234852673,0.17943228358581725,297.62205092692216,360.2522854540398,414,358
047,1298,461601.593,284.54944059861685,232.99250000000006,3106.9918953997712,81971.71266479116,215715.0333283978,person,27.041666666666668,2.1750297398358903e-16,1.0,0.7854274396774147,0.9785039450626466,27.041666666666668,4.089136564091768,0.22610158239842737,275.0944513144263,303.09954602399915,451,421
048,1363,459782.237,267.42301932996304,232.2289999999998,2858.107995481713,100534.35005913048,264564.07910297497,person,27.816326530612244,-1.1267729026699121e-16,1.0,0.8038804577843559,0.9772066409436035,27.816326530612244,3.9395747747238037,0.18291104017952037,252.91635092029153,278.9104896273595,490,446
049,1471,471944.784,256.26189920365385,216.45224999999965,3283.793436778959,94132.0246902068,247715.85444791263,person,30.645833333333332,7.329311467113802e-16,1.0,0.7813022377021613,0.9767913849231552,30.645833333333332,3.7003361605085736,0.18772167489153768,243.79172247120255,271.6670708158479,509,480
050,1621,526365.844,254.9310056366406,216.84299999999985,3669.090619572031,111279.08912659701,292839.7082278869,person,33.08163265306123,3.2170846855155483e-16,1.0,0.7597188983333514,0.9794421276147328,33.08163265306123,3.4271399721396083,0.16283057566843945,265.5623841378556,251.28057443129765,559,541
051,1158,430063.24,302.7955152079296,249.57799999999952,2754.9564924734477,79269.61582462808,208604.25217007395,person,23.591836734693878,2.671572497945132e-16,1.0,0.7817057929909033,0.9756215948143259,23.632653061224488,3.851154111432638,0.19390904940256362,294.41088248105325,344.17082172526057,402,376
052,1221,413249.913,281.2886643247472,220.792,2832.4782939469083,83391.03173358004,219450.08350942118,person,25.416666666666668,4.652675777439043e-17,1.0,0.8037589097432707,0.9779676825162732,25.4375,3.7589947599489038,0.1537504950815314,264.0890055755001,301.7020007149261,426,393
053,1237,428955.2,287.33956521426796,249.62049999999994,2642.9600711985254,66644.61862494382,175380.57532879955,person,25.770833333333332,5.564349392989692e-17,1.0,0.7916453752599124,0.9711663912443628,25.770833333333332,3.851634475738427,0.17435014806074642,285.9007606355246,315.225334657212,422,396
054,1277,474632.891,303.5257222766988,249.6009999999997,2648.3286074206703,54810.093122011414,144237.08716318794,person,26.06122448979592,5.98412960688551e-16,1.0,0.800565528865218,0.9779343557305253,26.06122448979592,4.00684910607775,0.20368983249253556,270.3974552583821,352.48402956822093,465,405
055,1496,490722.627,258.6611682814931,232.8089999999997,3336.0886684072357,113010.96822397201,297397.2847999264,person,30.510204081632654,2.918696422114294e-16,1.0,0.7863737358538011,0.9808813138560971,30.53061224489796,3.553532881811175,0.15047522134360494,252.69749228091507,279.8351663382488,518,479
056,1523,529265.9839999999,285.8054692746642,245.50775000000021,3230.11489355282,96874.43625842471,254932.7269958545,person,31.708333333333332,-8.947470498920352e-16,1.0,0.7901982022652752,0.9814410366824592,31.729166666666668,3.7494621987318357,0.16576158274813083,304.00225052292177,296.09864017737425,512,506
057,1190,431253.488,274.4954298451324,232.49250000000077,3057.641233311465,80708.81615951625,212391.62147241124,person,24.285714285714285,1.4914755093859638e-16,1.0,0.7847960175937588,0.9743680869140416,24.285714285714285,3.687389655408182,0.17752087175929473,254.56559602042284,337.7009744456224,432,380
058,1336,453344.699,275.07440525035247,224.8495,3458.887743573501,109682.57407389127,288638.35282602964,person,27.26530612244898,-5.464334728921152e-16,1.0,0.7862681982195335,0.9786103140031243,27.26530612244898,3.9123812490861556,0.1509701495632974,266.9774743393337,283.50389731396723,468,438
059,1250,448408.808,300.6770937135348,257.6595,2407.6183111028226,50833.883579410685,133773.37784055443,person,25.510204081632654,-7.4624048339086455e-16,1.0,0.802689106240056,0.9761093808304144,25.510204081632654,3.7048345049645945,0.1955927599863165,288.6360570402453,340.1517950685086,438,399
060,1101,419372.971,317.3872458184106,261.86775,2198.1316444512604,46502.099081692264,122373.94495182177,person,22.9375,-1.278220051549481e-16,1.0,0.7914066668659715,0.971550957772247,22.9375,3.8497499076955037,0.1839134394207973,298.68915131701937,323.50830609717246,396,362
061,1029,385447.7,300.6246370582919,266.2170000000002,2284.9434612498126,72439.58545004,190630.48802642105,person,20.979591836734695,-1.5558732066824915e-16,1.0,0.7840481913964038,0.972783143418715,21.0,4.152360750150165,0.21965970387306413,284.9166497400748,322.34192456894954,351,346
062,1380,444488.999,253.65056824747612,224.9117500000001,2864.100886237869,91342.43602199342,240374.83163682485,person,28.75,-1.8086935738379597e-16,1.0,0.7522647309610404,0.9804351838502962,28.75,3.4117211510547722,0.1733977322876998,248.70384685083596,272.7870101265259,495,435
063,1173,426565.171,273.3443712425946,216.625,3054.2846034832514,106772.99118450533,280981.5557486983,person,23.93877551020408,-2.1757712580324872e-16,1.0,0.8061936970889741,0.972789377439957,23.93877551020408,3.734872995982437,0.18837057888027983,242.44761699876597,338.5119132142768,445,354
064,1016,407012.159,314.15264304082604,253.67800000000022,2536.662782323686,68365.25327587385,179908.5612522996,person,21.166666666666668,-1.1888502950147938e-16,1.0,0.7970771384180888,0.9711962643294861,21.166666666666668,4.372682051997462,0.27643304451750433,286.31845446706075,372.54924645892305,373,323
065,1142,420484.879,328.9089211806363,233.13549999999975,2591.4797626151817,75760.13715663155,199368.78199113568,person,23.791666666666668,1.621517596610947e-16,1.0,0.7924595333675181,0.9734176135466827,23.791666666666668,4.010465507151912,0.19501524118035177,321.7901747972514,399.86768496908184,396,371
066,1364,455484.235,270.50787002920123,233.37275000000005,2600.988613860703,67157.95468599438,176731.45969998522,person,28.416666666666668,-8.511109740144066e-17,1.0,0.777862926870498,0.9782224729245114,28.416666666666668,3.491806400566747,0.16542596635200646,264.5747895927313,281.20459500202276,478,450
067,1159,429020.913,303.99218039752975,249.57799999999952,2476.850483310355,57282.12138893838,150742.42470773263,person,23.653061224489797,3.4213501635316095e-16,1.0,0.7831757864406611,0.9742201104802141,23.653061224489797,4.059168813102253,0.18519854917878992,292.34136296522274,300.3109664327636,407,395
068,1381,466479.181,279.0692070780596,232.73999999999967,3028.722301752382,80352.80517176354,211454.75045200935,person,28.163265306122447,1.6071600939362903e-16,1.0,0.776983893625587,0.9791332089501688,28.183673469387756,3.956384218003376,0.15910615585492116,273.4315876235897,294.3362406758292,478,453
069,1230,430673.172,274.1899538635785,228.54449999999974,3256.376683799956,98386.37986671267,258911.52596503336,person,25.625,-1.7304243660916574e-16,1.0,0.7914353675915625,0.9744118783186083,25.625,3.940970303450047,0.18227171827450128,248.27467673163062,345.1122019215466,445,394
070,1071,410528.34,308.7901780068784,240.95649999999995,2591.710430652002,83474.90914816942,219670.8135478143,person,21.857142857142858,-4.635936226410851e-16,1.0,0.794329561277415,0.9697208396978635,21.857142857142858,3.791156381229067,0.1756689943843231,297.10533768976455,328.5048904525779,391,350
071,1212,453759.102,309.20022743666965,241.4845,2805.9161265048338,74424.66187315904,195854.37335041855,person,24.714285714285715,-5.462686189993617e-16,1.0,0.793199861051252,0.9765992544086869,24.73469387755102,3.9208658413923994,0.17250321460599913,323.2757176926202,323.4794348073189,410,406
072,1217,430041.798,284.3872527845014,233.3085000000001,2780.5362605514865,70825.4639237878,186382.7997994416,person,26.456521739130434,2.7064567552448547e-16,1.0,0.7989519999625009,0.975068909326975,26.456521739130434,3.660798496686937,0.16407584754554747,276.24012717961386,310.4015629836347,416,399
073,1333,476238.208,301.56906414957297,249.57799999999952,3119.6408160212027,68518.76771072377,180312.54660716784,person,27.183673469387756,-2.6738431467156627e-16,1.0,0.7865714415379738,0.9791142869630259,27.20408163265306,3.9522307588181986,0.178421803627539,276.32612351887116,308.5018156035272,470,440
074,1280,434852.407,276.71104338150195,232.88799999999992,2469.78714843915,56400.48871555383,148422.3387251417,person,26.102040816326532,6.370609462694024e-17,1.0,0.8032115521371472,0.9772484031094265,26.122448979591837,3.8491446233873505,0.16020748600063442,258.58683698093506,333.2500898396742,473,384
075,1149,421029.857,304.9698243447518,233.54100000000017,2721.5303061278446,98272.57413643187,258612.0372011365,person,23.448979591836736,1.6197102178474727e-16,1.0,0.7955814586494251,0.9749048238830148,23.448979591836736,3.9938324143286272,0.2001853806363461,303.73213459457213,323.8198238820137,390,378
076,1121,396001.543,284.4005360551207,216.9185,2782.2939777020924,69833.31135530598,183771.87198764732,person,22.877551020408163,-8.995343125997259e-16,1.0,0.7866962883498873,0.9725916837037266,22.877551020408163,3.6021333761857908,0.1763178436173154,252.11361218223553,367.22925745541306,404,361
077,1122,409301.389,306.3921473185215,233.2197499999999,2512.3949035308347,61908.00711470059,162915.8081965805,person,23.375,5.532712337844712e-16,1.0,0.7899970761473746,0.9742366262386898,23.375,3.7156739186466106,0.16255720151301647,316.06592484919594,304.7170940709175,378,391
078,1385,471136.277,271.02910973974457,233.4219999999998,3087.17017199939,83320.90018712003,219265.5268082106,person,28.26530612244898,3.7628041602852966e-16,1.0,0.7968905612957958,0.978877780979163,28.26530612244898,3.9241440231510225,0.17111692175945,267.48707065273163,274.93704722239664,474,460
079,1347,474171.879,287.5102615202998,232.92075000000048,2816.5839357987807,84727.45340981618,222966.98265741102,person,28.0625,-2.7576769333913315e-16,1.0,0.7797892514073493,0.9751475773272172,28.0625,3.5846977732944683,0.18382142820786485,274.98108739373595,293.0196200253212,464,459
080,1163,443187.817,299.18580487354194,249.54100000000017,3585.8538651076497,103151.53418480507,271451.40574948705,person,23.73469387755102,2.660042398288138e-17,1.0,0.7930955327809027,0.9740039154601781,23.73469387755102,4.090497262394324,0.20229533798206062,294.5644106387194,305.1996180077092,420,383
081,1227,442408.699,298.4081289409343,249.57499999999976,2688.8542606119995,65213.64959366772,171614.86735175716,person,25.5625,8.274703219138242e-16,1.0,0.7743618767649139,0.977874069010467,25.5625,3.616240150011315,0.16186719858189938,295.4726121178828,311.75523046536796,415,403
082,1317,448493.495,274.23538799679363,241.3552499999999,2796.4088107811754,64422.487783546014,169532.86258827904,person,27.4375,2.865588612790511e-16,1.0,0.749341376502596,0.9766919306530152,27.4375,3.6348496056240465,0.1878998434958653,263.65983390225483,291.0893025996862,467,426
083,1307,450266.995,281.97044815818083,232.805,3021.682697951883,94552.52145199814,248822.42487367935,person,26.6734693877551,2.3970214224736255e-16,1.0,0.8199269211329175,0.9771115724158093,26.6734693877551,4.03279174555968,0.2475167294554095,265.0083194804062,309.9082164729378,466,425
084,1102,433957.446,338.30121938188574,249.637,2176.8915929432965,49851.945881920095,131189.33126821078,person,22.489795918367346,-5.311253629025221e-16,1.0,0.8006387941332584,0.971189551836403,22.489795918367346,3.814680875982422,0.17095989221021146,326.52335061816933,399.92676238220395,392,349
085,1206,418279.26900000003,288.2679392112631,241.28625000000002,2877.367042280897,84247.45178050722,221703.82047501905,person,25.104166666666668,-1.539292223650446e-16,1.0,0.7929449074302143,0.9773362997232778,25.125,3.8801557130609563,0.15855839248769074,285.9511644342256,314.07955471905024,417,388
086,964,393039.508,351.00484425650853,257.99649999999974,1942.470788151828,56344.98872947457,148276.28613019624,person,20.51063829787234,-1.9378190882022816e-16,1.0,0.7968409277647457,0.9692386538214542,20.51063829787234,4.146707878306044,0.24257396519010516,332.8938671223234,533.1125991530512,336,307
087,1161,397994.608,269.7978436192072,216.7054999999998,3072.7790075026764,91104.35263094655,239748.2963972278,person,23.693877551020407,3.8209151490870326e-18,1.0,0.7628019182076514,0.9682174028288719,23.693877551020407,3.516622441594541,0.16606873790213186,289.04434089354356,303.98731006040936,399,372
088,1899,557779.202,213.61851505330435,187.56200000000027,4731.044372214274,148167.73600969955,389915.0947623672,politik,39.5625,1.265687651273432e-17,1.0,0.8121071188804584,0.9850413963406258,39.5625,3.7166601625696916,0.19543460153818362,195.65125393246362,245.23970201396847,676,581
089,1257,410472.038,264.329950342607,232.52100000000064,3442.9166516975038,106349.63742336114,279867.466903582,politik,25.653061224489797,-4.592256137640924e-16,1.0,0.7781128185909096,0.9760814377433309,25.653061224489797,3.8666993624018415,0.15717934293393201,245.9834565939773,280.4645977559689,446,408
090,996,381622.518,307.1525504613848,233.286,2921.6648835451942,111786.74976613796,294175.65727931046,politik,20.3265306122449,6.175309269893182e-16,1.0,0.7900027844803814,0.9705654455396527,20.3265306122449,4.040914235953884,0.2104440280792748,270.86038739395525,387.10615995505765,375,298
091,1193,420866.663,269.903599246652,232.4270000000001,2816.4389823134948,96475.90034638619,253883.94827996366,politik,24.346938775510203,-1.9049776996198575e-16,1.0,0.7922569828002309,0.9694707062785983,24.346938775510203,3.940820366104098,0.1818816928889684,258.17963923178496,304.5587592783267,428,379
092,1636,556657.487,280.50865991020186,232.9460000000008,3227.4419011382265,88929.45473110855,234024.88087133828,politik,33.38775510204081,2.0253101607959924e-16,1.0,0.7933270743027984,0.9784682145514798,33.38775510204081,3.684279681606089,0.17579401808084444,285.6196383879326,282.2994058159211,558,545
093,1235,444848.121,294.96830780228566,245.50299999999993,2700.3646219282678,64981.9428795219,171005.1128408471,politik,25.708333333333332,-1.0778096503122028e-16,1.0,0.781277655984097,0.9772954616388204,25.729166666666668,3.9167303328794856,0.18606691390674363,280.1970591013405,342.39582897521933,428,394
094,1210,427117.208,271.96162654059276,216.47499999999943,3327.5822698944603,123044.19901862455,323800.5237332225,politik,24.693877551020407,1.741262532815375e-16,1.0,0.7935339254878229,0.9716379422243274,24.693877551020407,3.7327916853630945,0.16512848696350632,248.31062006560396,292.57654681733834,443,391
095,1161,419217.708,293.74881530289304,224.72224999999983,2559.0346057413094,69412.98174908433,182665.74144495872,politik,24.166666666666668,-2.521371665673734e-16,1.0,0.7884611724843539,0.9761822850924426,24.1875,3.56788145806385,0.1699166096362304,312.93551109230606,340.90737174867564,393,392
096,1180,449589.943,313.30393111156377,249.41200000000003,2840.46481928142,85604.03621932288,225273.77952453386,politik,24.040816326530614,9.02341286639132e-19,1.0,0.7755919648664928,0.9756388301053549,24.081632653061224,3.5835407182219683,0.20846991466764656,306.0053936813777,365.47009385742535,416,377
097,1166,428121.597,294.1720029757321,241.45399999999975,2500.6231608474136,65197.726621489004,171572.96479339214,politik,23.775510204081634,-2.2924634103228775e-16,1.0,0.7919831056430792,0.9705537005350199,23.79591836734694,3.9543313243084848,0.18864443321107027,309.3912367164953,317.376522011708,386,384
098,1403,507493.756,302.25745914316025,249.60099999999994,3757.2061970869577,137457.2300466403,361729.55275431654,politik,29.229166666666668,4.947192610176596e-17,1.0,0.7952441055669631,0.979419369210783,29.229166666666668,3.7848901035899067,0.16321904026173167,297.6543341643007,296.803620655581,489,478
099,1187,421359.545,282.33479859449506,232.639,3072.175813431685,112322.51613652671,295585.5687803335,politik,24.20408163265306,-8.761248921968581e-16,1.0,0.789658945551628,0.9761941038727292,24.224489795918366,3.7101096249035033,0.1838362208557328,279.65151296995833,297.3511349483272,426,384
100,1570,478052.625,239.73626156610212,199.68099999999984,3394.2971655377155,106983.0945510547,281534.45934488083,politik,32.04081632653061,-1.3217056861841939e-17,1.0,0.7922626147247954,0.9813171235124515,32.04081632653061,3.5183181830349914,0.16197420825354117,235.70474947717298,252.66590369856007,542,503
101,1182,436142.804,309.68643500613774,249.5689999999995,2493.25655751657,59866.04813710172,157542.23193974138,politik,25.148936170212767,-3.7100561973083986e-16,1.0,0.8036245528379591,0.9744780359867721,25.148936170212767,3.5010366724104505,0.17583565829684408,308.7608709226353,310.716771501489,399,409
102,1053,390591.19,310.04328012806087,224.1854999999997,2252.6457289262717,57954.411978567,152511.61046991317,politik,21.489795918367346,-5.835950412276881e-16,1.0,0.7878204781754008,0.9699012498668599,21.489795918367346,3.734161129371501,0.1659149051295786,266.2543415155989,442.1730849410028,394,317
103,1216,420892.286,285.4805624634885,232.7859999999996,2463.407038240758,59701.62473282817,157109.53877060045,politik,25.333333333333332,-1.8666840875628318e-16,1.0,0.7964496511709687,0.9703054225258353,25.333333333333332,3.7896255864058985,0.17335529614024825,268.944135547102,322.94790977049564,444,389
104,1204,440834.98699999996,310.79012094724635,237.3422499999997,3012.698179397707,72452.59342448656,190664.71953812253,politik,25.083333333333332,1.7828653442337827e-16,1.0,0.7529411184534464,0.9739889669341276,25.083333333333332,3.491604797983223,0.17264547192471522,287.06737752304207,320.4035677967865,414,418
105,1730,570494.708,259.0292688448363,216.663,4017.419476506527,116358.76159828498,306207.2673639079,politik,36.041666666666664,3.7287100384852306e-16,1.0,0.7952102318336215,0.9837892472261238,36.041666666666664,3.540002258815692,0.16238372317751923,240.07873072297687,285.87543639897814,613,558
106,1664,469308.977,200.02289308185877,182.903,4618.247813321059,135360.1508872685,356210.92338754877,meme,33.95918367346939,-9.601000769068276e-17,1.0,0.7393779153632863,0.9778408902716681,33.95918367346939,3.312243232171702,0.15031551185891448,191.84824685905286,210.56653585612236,603,535
107,1603,494461.889,232.01317584660478,199.6634999999997,4948.579236352257,157321.1853882359,414003.11944272614,meme,32.714285714285715,-1.3881988715570447e-16,1.0,0.783354775412145,0.9776935604305853,32.714285714285715,3.950475076937922,0.16741626435290521,200.76200821604166,267.15206819308474,610,484
108,2102,564323.968,208.41729071904714,183.637999999999,4533.3750119971255,92296.3570015227,242885.15000400716,meme,42.89795918367347,-5.341697060239773e-16,1.0,0.7637672655130611,0.981348399669623,42.89795918367347,3.572884768035595,0.13710269025927713,196.3149288637821,219.02874213855944,731,681
109,1413,437647.553,236.29651334048847,199.93999999999994,4468.738803683833,164793.66664002373,433667.54378953617,meme,29.4375,1.1348499053905241e-15,1.0,0.7802707975279902,0.9804027053159988,29.4375,3.554418469367871,0.16382502852841083,216.41824489045743,265.0756315690128,522,449
110,1217,381295.833,240.45840907552517,212.11450000000005,3109.5451454280246,101206.22120459982,266332.16106473637,meme,25.354166666666668,-2.995916618318386e-17,1.0,0.8027983614293447,0.9704820444096466,25.354166666666668,3.6610737736277925,0.16180988651542771,209.62619177520006,282.4353450931592,471,357
111,1013,360408.36,269.20700248517903,199.673,3117.495421091881,80417.50625744674,211625.01646696514,meme,20.6734693877551,2.3563100106072186e-16,1.0,0.7489547391560764,0.9666300871692721,20.6734693877551,3.364238603598439,0.1789946193628475,207.5767366006488,362.54265541788146,400,313
112,1364,469481.839,266.9576227342964,216.3205000000007,2409.916170924933,48654.587815236555,128038.38898746463,meme,27.836734693877553,-1.1119962327250788e-15,1.0,0.7562312834515108,0.9751934669726309,27.836734693877553,3.348662700505813,0.18246716102972016,216.18809428839097,324.8223616521517,567,396
113,1873,523469.052,211.7535006407358,183.7215000000001,4248.1154826396,85914.11941017299,226089.78792150793,meme,38.224489795918366,4.234509541141218e-16,1.0,0.7635661319041904,0.9834182166445203,38.224489795918366,3.670870054513204,0.171492283283096,193.65722811914625,248.28511354831102,666,575
114,1254,380618.518,226.65696957361604,191.6605000000003,3688.6830042366814,168991.52203370535,444714.5316676456,meme,26.680851063829788,-5.978982272941508e-17,1.0,0.7724321682176526,0.9789547199804757,26.680851063829788,3.841268555107776,0.19298234542295342,211.51212495614962,231.74742917634967,463,395
115,1405,424890.499,229.4051756719722,203.78025000000008,3489.0422190594104,86085.69702989298,226541.30797340258,meme,29.270833333333332,-3.1695524145577915e-16,1.0,0.7822320099043076,0.9809508538808368,29.270833333333332,3.715206279875014,0.14801416567343992,215.20694873687955,243.236900742167,508,446
116,1737,517308.898,228.6373550589902,191.5744999999997,4166.072480418454,130176.49679220143,342569.7284005301,meme,35.44897959183673,1.202849604232083e-16,1.0,0.7706171883098861,0.9787190291675596,35.44897959183673,3.51318649213535,0.15070635362515172,212.64599784230623,248.27947296173525,621,541
117,1396,453181.972,250.63191947243445,204.25674999999993,3675.961181940643,105192.74774961371,276823.02039372036,meme,29.083333333333332,7.406872083757455e-17,1.0,0.7685394949130004,0.9776399745380724,29.083333333333332,3.421540177106467,0.15902609162349443,216.74518347099138,282.8979889625455,533,426
118,1926,541406.925,216.852714165482,199.68100000000038,4490.896268016482,165147.85349062242,434599.61444900645,meme,40.104166666666664,4.527054224957766e-16,1.0,0.7866232104163654,0.9866897862838673,40.125,3.563778391905567,0.1711327983361697,212.57115120991685,230.8206517010836,662,606
119,1581,452888.093,222.55135245876582,199.66199999999927,3743.9027635422676,117109.22670539432,308182.1755405114,meme,32.244897959183675,3.8288193101425377e-16,1.0,0.7642006531966702,0.982803134344001,32.265306122448976,3.539999017513815,0.14970374062696876,196.17740522436853,257.47025128286367,600,478
120,1748,536174.836,244.63174156937768,216.09474999999964,3449.1514992101384,149243.3236718565,392745.58861014864,meme,36.395833333333336,-6.143979385860351e-16,1.0,0.7775595266485487,0.984348921580372,36.416666666666664,3.7763592829036816,0.15489676126915097,283.2439463591184,232.71848595776248,536,598
121,1367,424294.191,240.47782178215894,199.6754999999998,2928.1168454133845,92123.32585880274,242429.8048915862,meme,27.857142857142858,-1.0711999020415033e-16,1.0,0.7746280817221624,0.9798151408658494,27.897959183673468,3.6737483017857713,0.17280856156893407,205.2610880610601,299.1032360452786,542,407
122,1623,496704.708,238.202897041698,191.25250000000017,4659.476512454738,144067.8864443332,379126.0169587716,meme,33.12244897959184,-2.289991198887314e-16,1.0,0.7874678945893687,0.9829444694934902,33.12244897959184,3.787295016533486,0.154042601638311,203.66190908253,260.6026433204407,608,508
123,1135,372886.471,256.54044865991403,203.7615000000003,2985.1221797537205,54640.195261362445,143789.98752990118,meme,23.645833333333332,4.589345892017197e-17,1.0,0.7664685064805655,0.9755267612359236,23.645833333333332,3.527591385337806,0.18665134581141496,223.27532491599834,287.04040284722765,430,368
124,1571,458055.559,213.60258485300872,183.64700000000016,3803.810106108788,89737.79762734547,236152.09901933023,meme,32.06122448979592,-3.316776377857691e-16,1.0,0.7781376056168833,0.9792464258353216,32.06122448979592,3.807110797703827,0.16477706391782024,193.39618851101457,239.90401315630652,560,491
125,1676,473461.802,207.0781763711223,182.97600000000023,3608.7746819068625,94837.90710268692,249573.43974391298,meme,34.204081632653065,-1.848134221883659e-16,1.0,0.7402079223409048,0.9832903014902058,34.204081632653065,3.2668809606652705,0.18901761886297816,190.80187112252565,229.37564759264512,599,539
126,1871,529738.179,230.18243243449743,207.971,3332.9762799963087,42232.82215964123,111139.0056832664,politik,38.979166666666664,-2.933268233258981e-16,1.0,0.7563859558608349,0.9860419821712166,38.979166666666664,3.4098807777745423,0.14425737792932342,218.33978578701894,241.1798653451946,651,611
127,1605,508393.58,247.69659398259682,215.897,3467.5768538804855,98539.71242069198,259315.03268603157,text,32.755102040816325,8.494683098316627e-17,1.0,0.7534327658159113,0.9827791475061962,32.755102040816325,3.354364125828768,0.18034352901183087,223.0805503880028,257.29733099170573,583,515
128,1603,510328.092,252.01283649201653,232.61299999999983,1985.0080372739392,19130.82612495247,50344.27927619071,text,33.375,-6.21497906672689e-16,1.0,0.7846806089374663,0.9829459614373305,33.395833333333336,3.6188767290093886,0.14669653039853336,233.50553169179608,295.54191541533197,582,503
129,1223,384697.653,247.97296691485724,199.67925000000002,2588.613917101578,60003.44117670546,157903.79257027755,ort,25.479166666666668,-4.437145315769949e-17,1.0,0.7970529975958409,0.9765767375060171,25.479166666666668,3.597659067494505,0.17588992691372762,196.22718643178325,373.47734147734076,493,350
130,1780,526245.665,230.55505145017932,199.67799999999977,2994.4631387409227,94056.48873669148,247517.0756228723,ort,37.083333333333336,2.194119912361276e-16,1.0,0.7666847844530228,0.9848879899405104,37.083333333333336,3.631624397451354,0.19102999947718527,229.29173411785234,275.8957312382712,609,557
131,1390,433417.368,227.62535598535274,199.616,3334.788597993441,108779.39875640793,286261.5756747577,person,28.367346938775512,4.901281294279145e-16,1.0,0.7906443624157694,0.9734404778515074,28.367346938775512,3.6730322959728987,0.14699708169178485,191.23097255054017,276.64922210790905,545,409
132,1636,476151.821,214.65530944310834,191.6699999999996,3797.3438456319454,75404.28108569357,198432.31864656205,person,33.38775510204081,-6.0458804681612e-16,1.0,0.7809356219955015,0.9777939886894818,33.38775510204081,3.6656688659431453,0.16287892010788801,209.25024926772835,226.70902710133836,562,528
133,1528,449844.591,219.34734527217952,183.259,3799.9023412766865,139891.3722712535,368135.1901875092,person,31.163265306122447,-2.4611207949998327e-16,1.0,0.7959681556051272,0.9823228749897921,31.183673469387756,3.612632069107915,0.16622603421967533,202.1582044239135,248.53655928880144,549,479
134,1788,565233.498,241.84714920695706,208.00099999999983,3452.332232354547,93867.50129390911,247019.74024712926,politik,36.48979591836735,1.9424368390009287e-16,1.0,0.7520387721387506,0.9756792800119787,36.48979591836735,3.4510410043981197,0.1596531037810369,217.35055291078234,266.0924127730413,664,559
135,1085,387342.147,291.62309447352726,217.067,2177.728968896316,47372.810176405175,124665.28993790837,politik,23.085106382978722,4.181556273665052e-16,1.0,0.7351051360563529,0.9743588048277292,23.085106382978722,3.3843652961776036,0.19341228517350106,245.91446302595506,371.67057542845833,422,315
136,2187,613784.194,212.77611648802414,199.66699999999943,4362.918036570826,83572.25616121743,219926.9898979406,politik,44.63265306122449,4.2149756394246706e-16,1.0,0.7782739692627952,0.9876885259443033,44.63265306122449,3.667219049564986,0.15086814259029135,202.54002426781085,218.93591284179848,765,718
137,1361,445510.181,270.07072624712663,228.67499999999987,2909.5063172908267,89232.68899249886,234822.86576973388,politik,28.354166666666668,-3.795424279774971e-17,1.0,0.7922635939107256,0.9770195804458063,28.354166666666668,3.6306858985115085,0.15710970645879593,255.45839497077168,297.0642398995969,494,435
138,1835,550469.151,239.05228735744993,199.68100000000004,2778.4099082177854,74348.48727816872,195653.9138899177,politik,37.42857142857143,-1.873917820845407e-16,1.0,0.740913516154285,0.9857001044471496,37.44897959183673,3.371857857854478,0.16152434756911202,226.43170350143956,273.6024504791668,661,561
139,1870,632672.62,284.14699628459476,224.86099999999985,3006.810301772059,104852.79973795493,275928.4203630393,politik,38.16326530612245,4.3768846193982893e-16,1.0,0.7921761892085665,0.9856287009709113,38.16326530612245,3.698869391835193,0.15413734146357264,269.32897293278995,323.0338170584251,681,581
140,1820,536635.878,231.61791873447254,216.07000000000045,3255.2473372925474,37599.114410998074,98945.03792367915,politik,37.142857142857146,-2.537344856102451e-16,1.0,0.7867374561760762,0.9844565868523146,37.142857142857146,3.7419257657320215,0.15217184530653258,217.4114440772037,243.0669699133095,623,584
141,2357,662198.846,211.19434690078333,199.63975000000028,5109.526714661312,187075.408107718,492303.7055466263,politik,49.104166666666664,2.2036264232851484e-16,1.0,0.795385226310211,0.9858585943559683,49.104166666666664,3.8789232885987466,0.17613649828628272,216.52994427163267,216.51251997389147,784,772
142,1260,382023.734,231.34525206972165,183.8180000000002,2642.929070913729,53334.21906773159,140353.20807297787,text,26.80851063829787,-2.351005857842822e-16,1.0,0.7225701319711231,0.9775309700154295,26.80851063829787,3.298745238596673,0.20755510310549427,193.72093745976403,303.3609778788379,487,375
143,1687,474510.123,207.7732750099785,199.63824999999983,4115.778768208011,111361.35574033619,293056.1993166742,text,35.145833333333336,3.9680283397539796e-16,1.0,0.7563365881617887,0.9828477607457424,35.145833333333336,3.486841913191347,0.15696417951899716,192.18182318227886,226.98164431199646,615,525
144,2489,651192.212,203.44103297340567,183.34600000000023,4278.524338796594,87201.86771739984,229478.5992563154,text,51.833333333333336,-6.014209750681039e-16,1.0,0.7596904016959599,0.9867756489635736,51.854166666666664,3.722025873755203,0.16031175727641608,209.26572478954782,210.30550868822857,824,802
146,2179,600913.588,211.63785452922423,199.47600000000105,3865.3612005069394,79779.38830226901,209945.75869018165,text,46.361702127659576,6.218192275097312e-17,1.0,0.7460774642082865,0.9824018204464451,46.361702127659576,3.2410551661140032,0.17338685048374566,210.85914084391143,217.8596416120841,751,703
147,2539,690402.072,206.93519771384408,199.6629999999996,5047.216384362081,103661.58734802745,272793.6509158617,text,51.795918367346935,-8.926874608399556e-16,1.0,0.7644384837136777,0.9888446557908614,51.816326530612244,4.02098962194986,0.15606427794904584,213.40838603965176,208.05195718468306,828,863
148,1592,447001.952,211.50943377941198,183.69100000000003,3475.241428745624,116609.26609281034,306866.48971792194,text,32.48979591836735,-5.772291798453685e-16,1.0,0.7288945664195404,0.9822742558610587,32.48979591836735,3.370414814182579,0.19587981371309537,202.0296547617578,216.8741242955457,573,515
149,2030,552579.334,201.58366510634661,183.05150000000023,4412.617869423356,87779.2986812109,230998.1544242392,text,41.42857142857143,1.4699735917169536e-16,1.0,0.7769180778507208,0.9842042907778563,41.42857142857143,3.93095194419725,0.15266391164667537,197.2661297957158,262.34918882925774,700,646
150,1992,534302.685,196.0004721384253,182.442,4595.1378360808785,107308.27981954055,282390.2100514225,text,40.6530612244898,-4.461115665213334e-17,1.0,0.7529455178823105,0.9853229272159201,40.6530612244898,3.3334293347603094,0.16389195215752367,191.22855060303667,202.78066011205345,692,629
151,2511,663360.348,206.5672162060807,183.63900000000007,5197.240470621563,125207.86397413634,329494.37887930614,text,53.42553191489362,-3.834963971846732e-16,1.0,0.7430775339074369,0.9897302813684786,53.42553191489362,3.2818626602335073,0.15705762299136655,202.2445058177187,206.77878905328942,860,819
152,2556,687252.137,212.36793019165626,199.66199999999935,5004.654206402031,130361.56867647333,343056.75967492984,text,53.25,1.513116084108744e-16,1.0,0.7256635799869668,0.9897411267175906,53.25,3.294213989924628,0.1460541536201844,214.82530272392623,212.64996235915336,868,840
153,2487,691547.018,210.18670263173803,199.66124999999874,4828.199128179071,118549.30015770596,311971.8425202789,text,51.8125,-7.79214975869773e-16,1.0,0.7074852339552845,0.988722498834281,51.8125,3.235697301473644,0.163089804603524,215.7381329071695,206.95226182714126,840,840
